종목코드,corp_code,기업명,event_year_Y,event_date,event_source,y_minus_1_excluded
030270,00100258,에스마크,2020,20201204,Historical delisted stock code set (CSV + KRX) | event_year derived from company_master.modify_date,True
023430,00100717,아이이,2019,20191120,Historical delisted stock code set (CSV + KRX) | event_year derived from company_master.modify_date,True
012410,00102645,글로스텍,2017,20170630,Historical delisted stock code set (CSV + KRX) | event_year derived from company_master.modify_date,True
014200,00103635,광림,2026,20260316,Historical delisted stock code set (CSV + KRX) | event_year derived from company_master.modify_date,True
036490,00110051,에스케이머티리얼즈,2024,20240628,Historical delisted stock code set (CSV + KRX) | event_year derived from company_master.modify_date,True
031990,00110307,대선조선,2022,20220128,Historical delisted stock code set (CSV + KRX) | event_year derived from company_master.modify_date,True
044180,00111218,KD,2025,20250331,Historical delisted stock code set (CSV + KRX) | event_year derived from company_master.modify_date,True
006580,00111227,대양제지공업,2026,20260209,Historical delisted stock code set (CSV + KRX) | event_year derived from company_master.modify_date,True
028040,00111865,미래SCI,2022,20221103,Historical delisted stock code set (CSV + KRX) | event_year derived from company_master.modify_date,True
017680,00112819,데코앤에프,2023,20230515,Historical delisted stock code set (CSV + KRX) | event_year derived from company_master.modify_date,True
028090,00121251,네오퍼플,2024,20240628,Historical delisted stock code set (CSV + KRX) | event_year derived from company_master.modify_date,True
036260,00122339,이매진아시아,2021,20210326,Historical delisted stock code set (CSV + KRX) | event_year derived from company_master.modify_date,True
025270,00124018,부산방직공업,2017,20170630,Historical delisted stock code set (CSV + KRX) | event_year derived from company_master.modify_date,True
158380,00125628,삼목강업,2017,20170630,Historical delisted stock code set (CSV + KRX) | event_year derived from company_master.modify_date,True
111870,00125965,케이에이치미래물산,2026,20260114,Historical delisted stock code set (CSV + KRX) | event_year derived from company_master.modify_date,True
064510,00127699,유네코,2024,20241010,Historical delisted stock code set (CSV + KRX) | event_year derived from company_master.modify_date,True
008030,00130000,아이텍스필,2017,20170630,Historical delisted stock code set (CSV + KRX) | event_year derived from company_master.modify_date,True
009280,00130046,다함이텍,2023,20230223,Historical delisted stock code set (CSV + KRX) | event_year derived from company_master.modify_date,True
016170,00130949,카카오엠,2018,20180918,Historical delisted stock code set (CSV + KRX) | event_year derived from company_master.modify_date,True
026220,00133317,에스티씨라이프,2026,20260319,Historical delisted stock code set (CSV + KRX) | event_year derived from company_master.modify_date,True
008340,00133715,대주코레스,2022,20220228,Historical delisted stock code set (CSV + KRX) | event_year derived from company_master.modify_date,True
017050,00136554,스타맥스,2017,20170630,Historical delisted stock code set (CSV + KRX) | event_year derived from company_master.modify_date,True
019590,00136642,에스유앤피,2025,20251212,Historical delisted stock code set (CSV + KRX) | event_year derived from company_master.modify_date,True
006210,00142698,휴리프,2017,20170630,Historical delisted stock code set (CSV + KRX) | event_year derived from company_master.modify_date,True
026960,00144395,동서,2026,20260323,Historical delisted stock code set (CSV + KRX) | event_year derived from company_master.modify_date,True
004320,00144766,호반산업,2017,20170630,Historical delisted stock code set (CSV + KRX) | event_year derived from company_master.modify_date,True
024810,00145738,이화전기공업,2025,20250910,Historical delisted stock code set (CSV + KRX) | event_year derived from company_master.modify_date,True
023460,00149266,씨앤에이치,2025,20250714,Historical delisted stock code set (CSV + KRX) | event_year derived from company_master.modify_date,True
008400,00150226,씨앤중공업,2017,20170630,Historical delisted stock code set (CSV + KRX) | event_year derived from company_master.modify_date,True
017300,00152631,에이치비이에너지,2017,20170630,Historical delisted stock code set (CSV + KRX) | event_year derived from company_master.modify_date,True
022100,00155212,포스코DX,2025,20250325,Historical delisted stock code set (CSV + KRX) | event_year derived from company_master.modify_date,True
003670,00155276,포스코퓨처엠,2025,20250325,Historical delisted stock code set (CSV + KRX) | event_year derived from company_master.modify_date,True
065940,00155382,바이오빌,2022,20221202,Historical delisted stock code set (CSV + KRX) | event_year derived from company_master.modify_date,True
024660,00156044,하림홀딩스,2018,20180716,Historical delisted stock code set (CSV + KRX) | event_year derived from company_master.modify_date,True
030190,00158325,NICE평가정보,2026,20260306,Historical delisted stock code set (CSV + KRX) | event_year derived from company_master.modify_date,True
023890,00159290,한국아트라스비엑스,2021,20210419,Historical delisted stock code set (CSV + KRX) | event_year derived from company_master.modify_date,True
061460,00163619,한진피앤씨,2017,20170929,Historical delisted stock code set (CSV + KRX) | event_year derived from company_master.modify_date,True
090730,00163789,심팩메탈,2018,20180717,Historical delisted stock code set (CSV + KRX) | event_year derived from company_master.modify_date,True
037380,00164195,에이원마이크로,2017,20170630,Historical delisted stock code set (CSV + KRX) | event_year derived from company_master.modify_date,True
008800,00164362,행남사,2026,20260320,Historical delisted stock code set (CSV + KRX) | event_year derived from company_master.modify_date,True
013450,00165529,동성하이켐,2017,20170630,Historical delisted stock code set (CSV + KRX) | event_year derived from company_master.modify_date,True
086250,00166333,화신테크,2024,20240718,Historical delisted stock code set (CSV + KRX) | event_year derived from company_master.modify_date,True
034230,00171265,파라다이스,2025,20251031,Historical delisted stock code set (CSV + KRX) | event_year derived from company_master.modify_date,True
027440,00172103,코리아이앤디,2017,20170630,Historical delisted stock code set (CSV + KRX) | event_year derived from company_master.modify_date,True
032040,00173731,씨앤에스자산관리,2022,20220225,Historical delisted stock code set (CSV + KRX) | event_year derived from company_master.modify_date,True
068060,00175650,케이씨더블류,2026,20260319,Historical delisted stock code set (CSV + KRX) | event_year derived from company_master.modify_date,True
037020,00178471,한와이어리스,2017,20170630,Historical delisted stock code set (CSV + KRX) | event_year derived from company_master.modify_date,True
032290,00183215,케이디지엠텍,2022,20220228,Historical delisted stock code set (CSV + KRX) | event_year derived from company_master.modify_date,True
071930,00183260,에이스하이텍,2017,20170630,Historical delisted stock code set (CSV + KRX) | event_year derived from company_master.modify_date,True
052670,00185505,제일바이오,2026,20260223,Historical delisted stock code set (CSV + KRX) | event_year derived from company_master.modify_date,True
053660,00188715,현진소재,2022,20221213,Historical delisted stock code set (CSV + KRX) | event_year derived from company_master.modify_date,True
015390,00191108,엘앤씨피,2017,20170630,Historical delisted stock code set (CSV + KRX) | event_year derived from company_master.modify_date,True
033110,00194275,코너스톤네트웍스,2022,20220211,Historical delisted stock code set (CSV + KRX) | event_year derived from company_master.modify_date,True
025460,00197324,팬텀엔터테인먼트그룹,2017,20170630,Historical delisted stock code set (CSV + KRX) | event_year derived from company_master.modify_date,True
029960,00197476,코엔텍,2026,20260320,Historical delisted stock code set (CSV + KRX) | event_year derived from company_master.modify_date,True
031390,00198378,녹십자셀,2024,20240628,Historical delisted stock code set (CSV + KRX) | event_year derived from company_master.modify_date,True
026180,00200956,현대정보기술,2019,20190717,Historical delisted stock code set (CSV + KRX) | event_year derived from company_master.modify_date,True
065620,00201788,제낙스,2022,20221226,Historical delisted stock code set (CSV + KRX) | event_year derived from company_master.modify_date,True
051170,00202778,썬코어,2018,20180820,Historical delisted stock code set (CSV + KRX) | event_year derived from company_master.modify_date,True
036420,00203315,콘텐트리중앙,2025,20250331,Historical delisted stock code set (CSV + KRX) | event_year derived from company_master.modify_date,True
033280,00206127,어울림엘시스,2017,20170630,Historical delisted stock code set (CSV + KRX) | event_year derived from company_master.modify_date,True
026260,00207223,위너지스,2018,20181012,Historical delisted stock code set (CSV + KRX) | event_year derived from company_master.modify_date,True
028150,00207755,지에스홈쇼핑,2021,20210716,Historical delisted stock code set (CSV + KRX) | event_year derived from company_master.modify_date,True
065410,00210537,지엔텍홀딩스,2017,20170630,Historical delisted stock code set (CSV + KRX) | event_year derived from company_master.modify_date,True
038340,00215976,무궁화인포메이션테크놀로지,2026,20260303,Historical delisted stock code set (CSV + KRX) | event_year derived from company_master.modify_date,True
053740,00218052,국제엘렉트릭코리아,2022,20220526,Historical delisted stock code set (CSV + KRX) | event_year derived from company_master.modify_date,True
043580,00222806,에임하이글로벌,2020,20200228,Historical delisted stock code set (CSV + KRX) | event_year derived from company_master.modify_date,True
035400,00223346,쓰리디넷,2017,20170630,Historical delisted stock code set (CSV + KRX) | event_year derived from company_master.modify_date,True
033260,00225140,쌈지,2017,20170630,Historical delisted stock code set (CSV + KRX) | event_year derived from company_master.modify_date,True
058690,00225210,퓨쳐인포넷,2017,20170630,Historical delisted stock code set (CSV + KRX) | event_year derived from company_master.modify_date,True
066110,00226228,한프,2022,20220815,Historical delisted stock code set (CSV + KRX) | event_year derived from company_master.modify_date,True
030420,00228916,디패션,2017,20170630,Historical delisted stock code set (CSV + KRX) | event_year derived from company_master.modify_date,True
032420,00229818,터보테크,2017,20170630,Historical delisted stock code set (CSV + KRX) | event_year derived from company_master.modify_date,True
032380,00231521,핸디소프트,2017,20170630,Historical delisted stock code set (CSV + KRX) | event_year derived from company_master.modify_date,True
032600,00231567,애드모바일,2017,20170630,Historical delisted stock code set (CSV + KRX) | event_year derived from company_master.modify_date,True
099830,00232496,씨그널엔터테인먼트그룹,2019,20190111,Historical delisted stock code set (CSV + KRX) | event_year derived from company_master.modify_date,True
034830,00233653,한국토지신탁,2025,20250327,Historical delisted stock code set (CSV + KRX) | event_year derived from company_master.modify_date,True
073070,00235147,에이팸,2026,20260305,Historical delisted stock code set (CSV + KRX) | event_year derived from company_master.modify_date,True
134780,00238977,에스엠화진,2026,20260313,Historical delisted stock code set (CSV + KRX) | event_year derived from company_master.modify_date,True
037340,00241236,에이치씨코퍼레이션,2026,20260324,Historical delisted stock code set (CSV + KRX) | event_year derived from company_master.modify_date,True
033630,00243988,에스케이브로드밴드,2026,20260130,Historical delisted stock code set (CSV + KRX) | event_year derived from company_master.modify_date,True
033430,00244419,디에스티,2023,20230512,Historical delisted stock code set (CSV + KRX) | event_year derived from company_master.modify_date,True
033850,00244589,지노시스템,2017,20170630,Historical delisted stock code set (CSV + KRX) | event_year derived from company_master.modify_date,True
033880,00244862,룩소네이트,2017,20170630,Historical delisted stock code set (CSV + KRX) | event_year derived from company_master.modify_date,True
050320,00245898,에스에이치엔엘,2025,20250220,Historical delisted stock code set (CSV + KRX) | event_year derived from company_master.modify_date,True
039850,00246347,태창파로스,2017,20170630,Historical delisted stock code set (CSV + KRX) | event_year derived from company_master.modify_date,True
035830,00246383,메카포럼,2017,20170630,Historical delisted stock code set (CSV + KRX) | event_year derived from company_master.modify_date,True
040670,00248123,와이즈파워,2017,20170630,Historical delisted stock code set (CSV + KRX) | event_year derived from company_master.modify_date,True
045920,00248406,화림모드,2017,20170630,Historical delisted stock code set (CSV + KRX) | event_year derived from company_master.modify_date,True
034600,00251190,글로웍스,2017,20170630,Historical delisted stock code set (CSV + KRX) | event_year derived from company_master.modify_date,True
049000,00252393,예당컴퍼니,2017,20170630,Historical delisted stock code set (CSV + KRX) | event_year derived from company_master.modify_date,True
039530,00252755,씨앤케이인터내셔널,2019,20190718,Historical delisted stock code set (CSV + KRX) | event_year derived from company_master.modify_date,True
037120,00253514,한신코퍼레이션,2017,20170630,Historical delisted stock code set (CSV + KRX) | event_year derived from company_master.modify_date,True
036610,00254009,지디코프,2017,20170630,Historical delisted stock code set (CSV + KRX) | event_year derived from company_master.modify_date,True
035480,00255141,글로앤웰,2021,20210208,Historical delisted stock code set (CSV + KRX) | event_year derived from company_master.modify_date,True
035500,00255309,써니트렌드,2017,20170630,Historical delisted stock code set (CSV + KRX) | event_year derived from company_master.modify_date,True
065810,00257051,유씨아이콜스,2017,20170630,Historical delisted stock code set (CSV + KRX) | event_year derived from company_master.modify_date,True
033720,00257194,블루스톤디앤아이,2017,20170630,Historical delisted stock code set (CSV + KRX) | event_year derived from company_master.modify_date,True
041030,00257529,이루넷,2017,20170630,Historical delisted stock code set (CSV + KRX) | event_year derived from company_master.modify_date,True
035910,00258731,현대멀티캡,2017,20170630,Historical delisted stock code set (CSV + KRX) | event_year derived from company_master.modify_date,True
035720,00258801,카카오,2024,20240329,Historical delisted stock code set (CSV + KRX) | event_year derived from company_master.modify_date,True
035450,00259439,지아이바이오,2017,20170630,Historical delisted stock code set (CSV + KRX) | event_year derived from company_master.modify_date,True
035710,00259493,씨엘엘씨디,2017,20170630,Historical delisted stock code set (CSV + KRX) | event_year derived from company_master.modify_date,True
036660,00259606,플러스프로핏,2017,20170630,Historical delisted stock code set (CSV + KRX) | event_year derived from company_master.modify_date,True
039990,00259855,코아정보시스템,2017,20170630,Historical delisted stock code set (CSV + KRX) | event_year derived from company_master.modify_date,True
037250,00260639,대흥멀티미디어통신,2017,20170630,Historical delisted stock code set (CSV + KRX) | event_year derived from company_master.modify_date,True
036220,00260657,오상헬스케어,2025,20250502,Historical delisted stock code set (CSV + KRX) | event_year derived from company_master.modify_date,True
037750,00260888,엔써커뮤니티,2017,20170630,Historical delisted stock code set (CSV + KRX) | event_year derived from company_master.modify_date,True
036360,00260903,쓰리소프트,2017,20170630,Historical delisted stock code set (CSV + KRX) | event_year derived from company_master.modify_date,True
038100,00260921,아이엠아이티,2017,20170630,Historical delisted stock code set (CSV + KRX) | event_year derived from company_master.modify_date,True
036720,00260985,한빛네트,2017,20170630,Historical delisted stock code set (CSV + KRX) | event_year derived from company_master.modify_date,True
038320,00261124,어울림정보기술,2017,20170630,Historical delisted stock code set (CSV + KRX) | event_year derived from company_master.modify_date,True
037830,00261188,글로포스트,2017,20170630,Historical delisted stock code set (CSV + KRX) | event_year derived from company_master.modify_date,True
035870,00261601,호성,2017,20170630,Historical delisted stock code set (CSV + KRX) | event_year derived from company_master.modify_date,True
039790,00261735,위노바,2021,20210224,Historical delisted stock code set (CSV + KRX) | event_year derived from company_master.modify_date,True
062860,00261887,티엘아이,2024,20241211,Historical delisted stock code set (CSV + KRX) | event_year derived from company_master.modify_date,True
040740,00262682,아인스엠앤엠,2017,20170630,Historical delisted stock code set (CSV + KRX) | event_year derived from company_master.modify_date,True
041310,00263991,모빌링크텔레콤,2017,20170630,Historical delisted stock code set (CSV + KRX) | event_year derived from company_master.modify_date,True
039580,00264185,피코소프트,2017,20170630,Historical delisted stock code set (CSV + KRX) | event_year derived from company_master.modify_date,True
040130,00264529,엔플렉스,2017,20170630,Historical delisted stock code set (CSV + KRX) | event_year derived from company_master.modify_date,True
033600,00264787,럭슬,2022,20220427,Historical delisted stock code set (CSV + KRX) | event_year derived from company_master.modify_date,True
043680,00264796,스톰이앤에프,2017,20170630,Historical delisted stock code set (CSV + KRX) | event_year derived from company_master.modify_date,True
041060,00264857,아라온테크,2017,20170630,Historical delisted stock code set (CSV + KRX) | event_year derived from company_master.modify_date,True
037220,00265254,넥스텔,2017,20170630,Historical delisted stock code set (CSV + KRX) | event_year derived from company_master.modify_date,True
038920,00265342,에이치에스씨홀딩스,2017,20170630,Historical delisted stock code set (CSV + KRX) | event_year derived from company_master.modify_date,True
041140,00266943,넥슨지티,2022,20220415,Historical delisted stock code set (CSV + KRX) | event_year derived from company_master.modify_date,True
031960,00267775,동산진흥,2017,20170630,Historical delisted stock code set (CSV + KRX) | event_year derived from company_master.modify_date,True
036500,00267960,에스에스컴텍,2017,20170630,Historical delisted stock code set (CSV + KRX) | event_year derived from company_master.modify_date,True
046240,00268358,에스브이에이치,2017,20170630,Historical delisted stock code set (CSV + KRX) | event_year derived from company_master.modify_date,True
010670,00268437,나노트로닉스,2017,20170630,Historical delisted stock code set (CSV + KRX) | event_year derived from company_master.modify_date,True
044370,00268482,조이토토,2017,20170630,Historical delisted stock code set (CSV + KRX) | event_year derived from company_master.modify_date,True
041450,00269339,인네트,2017,20170630,Historical delisted stock code set (CSV + KRX) | event_year derived from company_master.modify_date,True
040180,00269773,대양글로벌,2017,20170630,Historical delisted stock code set (CSV + KRX) | event_year derived from company_master.modify_date,True
046110,00277736,한일네트웍스,2025,20250324,Historical delisted stock code set (CSV + KRX) | event_year derived from company_master.modify_date,True
046140,00280688,스튜디오에스,2025,20251212,Historical delisted stock code set (CSV + KRX) | event_year derived from company_master.modify_date,True
052270,00291231,우전,2025,20250312,Historical delisted stock code set (CSV + KRX) | event_year derived from company_master.modify_date,True
044060,00291860,조광아이엘아이,2025,20251208,Historical delisted stock code set (CSV + KRX) | event_year derived from company_master.modify_date,True
039230,00295370,제이앤케이인더스트리,2025,20250224,Historical delisted stock code set (CSV + KRX) | event_year derived from company_master.modify_date,True
050600,00296069,세라온홀딩스,2017,20170630,Historical delisted stock code set (CSV + KRX) | event_year derived from company_master.modify_date,True
043290,00297961,케이맥,2024,20240129,Historical delisted stock code set (CSV + KRX) | event_year derived from company_master.modify_date,True
039670,00298687,스포츠서울,2022,20220420,Historical delisted stock code set (CSV + KRX) | event_year derived from company_master.modify_date,True
102210,00299358,트레스,2026,20260223,Historical delisted stock code set (CSV + KRX) | event_year derived from company_master.modify_date,True
054010,00299376,선팩테크,2017,20170630,Historical delisted stock code set (CSV + KRX) | event_year derived from company_master.modify_date,True
037060,00300256,시큐어소프트,2017,20170630,Historical delisted stock code set (CSV + KRX) | event_year derived from company_master.modify_date,True
071460,00300557,위니아,2025,20250618,Historical delisted stock code set (CSV + KRX) | event_year derived from company_master.modify_date,True
054170,00300566,엔빅스,2017,20170630,Historical delisted stock code set (CSV + KRX) | event_year derived from company_master.modify_date,True
050540,00302078,엠피씨플러스,2023,20231024,Historical delisted stock code set (CSV + KRX) | event_year derived from company_master.modify_date,True
054340,00302120,피앤텔,2023,20230222,Historical delisted stock code set (CSV + KRX) | event_year derived from company_master.modify_date,True
074130,00302801,디아이디,2017,20170630,Historical delisted stock code set (CSV + KRX) | event_year derived from company_master.modify_date,True
065910,00306986,피더블유제네틱스,2017,20170630,Historical delisted stock code set (CSV + KRX) | event_year derived from company_master.modify_date,True
057500,00307189,에스케이엔펄스,2025,20250627,Historical delisted stock code set (CSV + KRX) | event_year derived from company_master.modify_date,True
053890,00308948,미디어코프,2017,20170630,Historical delisted stock code set (CSV + KRX) | event_year derived from company_master.modify_date,True
037550,00314000,클라스타,2017,20170630,Historical delisted stock code set (CSV + KRX) | event_year derived from company_master.modify_date,True
086830,00317830,신양오라컴디스플레이,2017,20170630,Historical delisted stock code set (CSV + KRX) | event_year derived from company_master.modify_date,True
046000,00318477,모디아,2017,20170630,Historical delisted stock code set (CSV + KRX) | event_year derived from company_master.modify_date,True
047440,00324104,디케이씨,2020,20200228,Historical delisted stock code set (CSV + KRX) | event_year derived from company_master.modify_date,True
048270,00328854,포넷,2017,20170630,Historical delisted stock code set (CSV + KRX) | event_year derived from company_master.modify_date,True
038160,00334624,팍스넷,2023,20230220,Historical delisted stock code set (CSV + KRX) | event_year derived from company_master.modify_date,True
063280,00336570,사이버패스,2017,20170630,Historical delisted stock code set (CSV + KRX) | event_year derived from company_master.modify_date,True
048260,00341916,오스템임플란트,2024,20240814,Historical delisted stock code set (CSV + KRX) | event_year derived from company_master.modify_date,True
052310,00347363,에이치원바이오,2017,20170630,Historical delisted stock code set (CSV + KRX) | event_year derived from company_master.modify_date,True
045760,00347619,한국통신데이타,2017,20170630,Historical delisted stock code set (CSV + KRX) | event_year derived from company_master.modify_date,True
052640,00347840,제네시스엔알디,2017,20170630,Historical delisted stock code set (CSV + KRX) | event_year derived from company_master.modify_date,True
052190,00347877,세영디앤씨,2022,20220527,Historical delisted stock code set (CSV + KRX) | event_year derived from company_master.modify_date,True
059720,00348007,야호커뮤니케이션,2017,20170630,Historical delisted stock code set (CSV + KRX) | event_year derived from company_master.modify_date,True
052290,00348177,트레이스,2018,20181011,Historical delisted stock code set (CSV + KRX) | event_year derived from company_master.modify_date,True
053040,00349468,블루젬디앤씨,2017,20170630,Historical delisted stock code set (CSV + KRX) | event_year derived from company_master.modify_date,True
057100,00350057,하이스마텍,2017,20170630,Historical delisted stock code set (CSV + KRX) | event_year derived from company_master.modify_date,True
053810,00351047,아이팩토리,2017,20170630,Historical delisted stock code set (CSV + KRX) | event_year derived from company_master.modify_date,True
053870,00351269,지티앤티,2017,20170630,Historical delisted stock code set (CSV + KRX) | event_year derived from company_master.modify_date,True
049130,00352000,하우리,2024,20240220,Historical delisted stock code set (CSV + KRX) | event_year derived from company_master.modify_date,True
041630,00352295,인젠,2017,20170630,Historical delisted stock code set (CSV + KRX) | event_year derived from company_master.modify_date,True
053110,00352718,소리바다,2022,20221129,Historical delisted stock code set (CSV + KRX) | event_year derived from company_master.modify_date,True
058530,00353018,파나케이아,2025,20251114,Historical delisted stock code set (CSV + KRX) | event_year derived from company_master.modify_date,True
060910,00353230,프리젠,2024,20240422,Historical delisted stock code set (CSV + KRX) | event_year derived from company_master.modify_date,True
053170,00353683,코스모스피엘씨,2017,20170630,Historical delisted stock code set (CSV + KRX) | event_year derived from company_master.modify_date,True
052810,00355292,아시아미디어홀딩스,2017,20170630,Historical delisted stock code set (CSV + KRX) | event_year derived from company_master.modify_date,True
053590,00355548,한국테크놀로지,2024,20241007,Historical delisted stock code set (CSV + KRX) | event_year derived from company_master.modify_date,True
053330,00356158,영진코퍼레이션,2024,20240628,Historical delisted stock code set (CSV + KRX) | event_year derived from company_master.modify_date,True
054440,00356644,엠텍반도체,2017,20170630,Historical delisted stock code set (CSV + KRX) | event_year derived from company_master.modify_date,True
054630,00356927,에이디칩스,2025,20251230,Historical delisted stock code set (CSV + KRX) | event_year derived from company_master.modify_date,True
056850,00358095,코어비트,2017,20170630,Historical delisted stock code set (CSV + KRX) | event_year derived from company_master.modify_date,True
055000,00358545,동서정보기술,2017,20170630,Historical delisted stock code set (CSV + KRX) | event_year derived from company_master.modify_date,True
058420,00359474,제이웨이,2023,20230414,Historical delisted stock code set (CSV + KRX) | event_year derived from company_master.modify_date,True
060550,00360540,우수씨엔에스,2017,20170630,Historical delisted stock code set (CSV + KRX) | event_year derived from company_master.modify_date,True
056340,00361114,씨유전자,2017,20170630,Historical delisted stock code set (CSV + KRX) | event_year derived from company_master.modify_date,True
056000,00361266,코원플레이,2023,20230330,Historical delisted stock code set (CSV + KRX) | event_year derived from company_master.modify_date,True
066270,00361725,네이트커뮤니케이션즈,2025,20250508,Historical delisted stock code set (CSV + KRX) | event_year derived from company_master.modify_date,True
052970,00362089,올리브나인,2017,20170630,Historical delisted stock code set (CSV + KRX) | event_year derived from company_master.modify_date,True
060660,00363033,한도하이테크,2017,20170630,Historical delisted stock code set (CSV + KRX) | event_year derived from company_master.modify_date,True
055970,00364227,에너윈,2017,20170630,Historical delisted stock code set (CSV + KRX) | event_year derived from company_master.modify_date,True
060300,00364795,레드로버,2024,20240522,Historical delisted stock code set (CSV + KRX) | event_year derived from company_master.modify_date,True
065270,00364926,플렉스컴,2017,20170630,Historical delisted stock code set (CSV + KRX) | event_year derived from company_master.modify_date,True
057110,00366164,아이티센네트웍스,2017,20170630,Historical delisted stock code set (CSV + KRX) | event_year derived from company_master.modify_date,True
080440,00366793,에스제이케이,2021,20210913,Historical delisted stock code set (CSV + KRX) | event_year derived from company_master.modify_date,True
055810,00367598,케이티씨텔레콤,2017,20170630,Historical delisted stock code set (CSV + KRX) | event_year derived from company_master.modify_date,True
115960,00372253,연우,2024,20240306,Historical delisted stock code set (CSV + KRX) | event_year derived from company_master.modify_date,True
058370,00372989,비엔씨컴퍼니,2017,20170630,Historical delisted stock code set (CSV + KRX) | event_year derived from company_master.modify_date,True
060410,00377814,베스트플로우,2017,20170630,Historical delisted stock code set (CSV + KRX) | event_year derived from company_master.modify_date,True
094190,00379016,이엘케이,2022,20220104,Historical delisted stock code set (CSV + KRX) | event_year derived from company_master.modify_date,True
290380,00384948,대유,2025,20250821,Historical delisted stock code set (CSV + KRX) | event_year derived from company_master.modify_date,True
066340,00385451,케이에스리소스,2017,20170630,Historical delisted stock code set (CSV + KRX) | event_year derived from company_master.modify_date,True
065160,00389387,라임,2021,20211129,Historical delisted stock code set (CSV + KRX) | event_year derived from company_master.modify_date,True
065180,00389679,해피드림,2020,20200228,Historical delisted stock code set (CSV + KRX) | event_year derived from company_master.modify_date,True
058900,00392600,투미비티,2017,20170630,Historical delisted stock code set (CSV + KRX) | event_year derived from company_master.modify_date,True
065560,00393469,녹원씨엔아이,2024,20240729,Historical delisted stock code set (CSV + KRX) | event_year derived from company_master.modify_date,True
068150,00394778,케이엔씨글로벌,2017,20170630,Historical delisted stock code set (CSV + KRX) | event_year derived from company_master.modify_date,True
066350,00397243,티엔아이,2024,20240711,Historical delisted stock code set (CSV + KRX) | event_year derived from company_master.modify_date,True
066970,00398701,엘앤에프,2025,20251223,Historical delisted stock code set (CSV + KRX) | event_year derived from company_master.modify_date,True
069110,00402989,유한코스메틱,2025,20251105,Historical delisted stock code set (CSV + KRX) | event_year derived from company_master.modify_date,True
072520,00408956,제넨바이오,2025,20250618,Historical delisted stock code set (CSV + KRX) | event_year derived from company_master.modify_date,True
057880,00410739,푸른소나무,2026,20260122,Historical delisted stock code set (CSV + KRX) | event_year derived from company_master.modify_date,True
182690,00411905,테라셈,2022,20221017,Historical delisted stock code set (CSV + KRX) | event_year derived from company_master.modify_date,True
068270,00413046,셀트리온,2026,20260325,Historical delisted stock code set (CSV + KRX) | event_year derived from company_master.modify_date,True
086200,00413824,제이앤유글로벌,2018,20180508,Historical delisted stock code set (CSV + KRX) | event_year derived from company_master.modify_date,True
071530,00416706,유에이블,2017,20170630,Historical delisted stock code set (CSV + KRX) | event_year derived from company_master.modify_date,True
074150,00418476,엠제이비,2017,20170630,Historical delisted stock code set (CSV + KRX) | event_year derived from company_master.modify_date,True
067130,00419989,클루넷,2017,20170630,Historical delisted stock code set (CSV + KRX) | event_year derived from company_master.modify_date,True
050640,00439053,이룸지엔지,2017,20170630,Historical delisted stock code set (CSV + KRX) | event_year derived from company_master.modify_date,True
058220,00441128,아리온테크놀로지,2024,20240503,Historical delisted stock code set (CSV + KRX) | event_year derived from company_master.modify_date,True
073130,00441872,인스프리트,2017,20170630,Historical delisted stock code set (CSV + KRX) | event_year derived from company_master.modify_date,True
078780,00446460,아이디에스,2017,20170630,Historical delisted stock code set (CSV + KRX) | event_year derived from company_master.modify_date,True
095300,00447478,엔에스브이,2018,20180524,Historical delisted stock code set (CSV + KRX) | event_year derived from company_master.modify_date,True
090460,00447609,비에이치,2023,20230620,Historical delisted stock code set (CSV + KRX) | event_year derived from company_master.modify_date,True
112240,00450339,에스에프씨,2024,20240221,Historical delisted stock code set (CSV + KRX) | event_year derived from company_master.modify_date,True
078610,00450728,도움,2017,20170630,Historical delisted stock code set (CSV + KRX) | event_year derived from company_master.modify_date,True
101970,00450931,우양에이치씨,2025,20250328,Historical delisted stock code set (CSV + KRX) | event_year derived from company_master.modify_date,True
077960,00451268,케이이엔지,2017,20170630,Historical delisted stock code set (CSV + KRX) | event_year derived from company_master.modify_date,True
073930,00453752,제너시스템즈,2017,20170630,Historical delisted stock code set (CSV + KRX) | event_year derived from company_master.modify_date,True
087220,00454265,스틸플라워,2019,20190213,Historical delisted stock code set (CSV + KRX) | event_year derived from company_master.modify_date,True
045890,00455112,금빛,2021,20211220,Historical delisted stock code set (CSV + KRX) | event_year derived from company_master.modify_date,True
080000,00455981,에스엔유프리시젼,2024,20241220,Historical delisted stock code set (CSV + KRX) | event_year derived from company_master.modify_date,True
089530,00458562,에이티세미콘,2025,20250321,Historical delisted stock code set (CSV + KRX) | event_year derived from company_master.modify_date,True
077280,00473400,한컴지엠디,2020,20200116,Historical delisted stock code set (CSV + KRX) | event_year derived from company_master.modify_date,True
078650,00477257,지나인제약,2024,20241202,Historical delisted stock code set (CSV + KRX) | event_year derived from company_master.modify_date,True
078700,00477372,신지소프트,2017,20170630,Historical delisted stock code set (CSV + KRX) | event_year derived from company_master.modify_date,True
100090,00480367,SK오션플랜트,2023,20230419,Historical delisted stock code set (CSV + KRX) | event_year derived from company_master.modify_date,True
096040,00480756,이트론,2026,20260211,Historical delisted stock code set (CSV + KRX) | event_year derived from company_master.modify_date,True
079340,00480844,하이럭스,2017,20170630,Historical delisted stock code set (CSV + KRX) | event_year derived from company_master.modify_date,True
090120,00491336,잘만테크,2022,20220225,Historical delisted stock code set (CSV + KRX) | event_year derived from company_master.modify_date,True
221610,00493431,자안바이오,2022,20220811,Historical delisted stock code set (CSV + KRX) | event_year derived from company_master.modify_date,True
090740,00495554,와이앤넥스트,2026,20260224,Historical delisted stock code set (CSV + KRX) | event_year derived from company_master.modify_date,True
082390,00496003,피엘에이,2017,20170630,Historical delisted stock code set (CSV + KRX) | event_year derived from company_master.modify_date,True
087730,00496225,이엠네트웍스,2022,20221124,Historical delisted stock code set (CSV + KRX) | event_year derived from company_master.modify_date,True
078940,00501970,퀀타피아,2026,20260310,Historical delisted stock code set (CSV + KRX) | event_year derived from company_master.modify_date,True
068240,00523307,다원시스,2026,20260305,Historical delisted stock code set (CSV + KRX) | event_year derived from company_master.modify_date,True
108320,00525934,LX세미콘,2024,20240322,Historical delisted stock code set (CSV + KRX) | event_year derived from company_master.modify_date,True
376190,00527011,엘비루셈,2025,20250221,Historical delisted stock code set (CSV + KRX) | event_year derived from company_master.modify_date,True
122800,00527880,썬테크놀로지스,2020,20200212,Historical delisted stock code set (CSV + KRX) | event_year derived from company_master.modify_date,True
081500,00535773,엑스씨이,2017,20170630,Historical delisted stock code set (CSV + KRX) | event_year derived from company_master.modify_date,True
085680,00540021,모빌탑,2017,20170630,Historical delisted stock code set (CSV + KRX) | event_year derived from company_master.modify_date,True
290510,00540340,코리아센터,2022,20221216,Historical delisted stock code set (CSV + KRX) | event_year derived from company_master.modify_date,True
091690,00543231,디지텍시스템스,2017,20170630,Historical delisted stock code set (CSV + KRX) | event_year derived from company_master.modify_date,True
085370,00549925,루트로닉,2024,20240328,Historical delisted stock code set (CSV + KRX) | event_year derived from company_master.modify_date,True
091990,00554024,셀트리온헬스케어,2024,20240112,Historical delisted stock code set (CSV + KRX) | event_year derived from company_master.modify_date,True
097520,00564562,엠씨넥스,2023,20230227,Historical delisted stock code set (CSV + KRX) | event_year derived from company_master.modify_date,True
123100,00569992,원익테라세미콘,2019,20190220,Historical delisted stock code set (CSV + KRX) | event_year derived from company_master.modify_date,True
105070,00579379,금강제강,2017,20170630,Historical delisted stock code set (CSV + KRX) | event_year derived from company_master.modify_date,True
081970,00584362,케이엑스넥스지,2023,20230403,Historical delisted stock code set (CSV + KRX) | event_year derived from company_master.modify_date,True
119860,00585608,커넥트웨이브,2026,20260325,Historical delisted stock code set (CSV + KRX) | event_year derived from company_master.modify_date,True
108790,00598587,인터파크,2020,20200716,Historical delisted stock code set (CSV + KRX) | event_year derived from company_master.modify_date,True
099660,00599887,신텍,2020,20200720,Historical delisted stock code set (CSV + KRX) | event_year derived from company_master.modify_date,True
197210,00601641,리드,2020,20201126,Historical delisted stock code set (CSV + KRX) | event_year derived from company_master.modify_date,True
111610,00609254,세왕,2019,20190329,Historical delisted stock code set (CSV + KRX) | event_year derived from company_master.modify_date,True
096640,00609315,멜파스,2025,20250730,Historical delisted stock code set (CSV + KRX) | event_year derived from company_master.modify_date,True
148140,00610490,비디아이,2024,20240607,Historical delisted stock code set (CSV + KRX) | event_year derived from company_master.modify_date,True
114120,00618401,크루셜텍,2024,20240215,Historical delisted stock code set (CSV + KRX) | event_year derived from company_master.modify_date,True
126870,00638539,앤에스,2025,20250410,Historical delisted stock code set (CSV + KRX) | event_year derived from company_master.modify_date,True
151910,00653103,퓨처코어,2025,20251126,Historical delisted stock code set (CSV + KRX) | event_year derived from company_master.modify_date,True
174880,00659684,장원테크,2026,20260114,Historical delisted stock code set (CSV + KRX) | event_year derived from company_master.modify_date,True
150840,00661157,인트로메딕,2026,20260304,Historical delisted stock code set (CSV + KRX) | event_year derived from company_master.modify_date,True
138690,00670085,엘아이에스,2023,20231206,Historical delisted stock code set (CSV + KRX) | event_year derived from company_master.modify_date,True
123260,00671437,파인넥스,2020,20200410,Historical delisted stock code set (CSV + KRX) | event_year derived from company_master.modify_date,True
114570,00673976,지스마트글로벌,2022,20221117,Historical delisted stock code set (CSV + KRX) | event_year derived from company_master.modify_date,True
155960,00676122,지디,2026,20260320,Historical delisted stock code set (CSV + KRX) | event_year derived from company_master.modify_date,True
141070,00678096,맥스로텍,2022,20221202,Historical delisted stock code set (CSV + KRX) | event_year derived from company_master.modify_date,True
298870,00682992,우리벤처파트너스,2025,20250227,Historical delisted stock code set (CSV + KRX) | event_year derived from company_master.modify_date,True
950030,00687599,네프로아이티,2017,20170630,Historical delisted stock code set (CSV + KRX) | event_year derived from company_master.modify_date,True
111820,00689418,지유온,2024,20240318,Historical delisted stock code set (CSV + KRX) | event_year derived from company_master.modify_date,True
900040,00695464,차이나그레이트스타인터내셔널리미티드,2020,20200522,Historical delisted stock code set (CSV + KRX) | event_year derived from company_master.modify_date,True
149940,00757816,모다,2024,20240220,Historical delisted stock code set (CSV + KRX) | event_year derived from company_master.modify_date,True
136510,00763358,스마트솔루션즈,2024,20240725,Historical delisted stock code set (CSV + KRX) | event_year derived from company_master.modify_date,True
178920,00767460,PI첨단소재,2023,20230324,Historical delisted stock code set (CSV + KRX) | event_year derived from company_master.modify_date,True
131390,00785475,원익피앤이,2022,20221129,Historical delisted stock code set (CSV + KRX) | event_year derived from company_master.modify_date,True
900080,00786331,에스앤씨엔진그룹리미티드,2021,20210614,Historical delisted stock code set (CSV + KRX) | event_year derived from company_master.modify_date,True
900090,00790121,차이나하오란리사이클링유한공사,2019,20190102,Historical delisted stock code set (CSV + KRX) | event_year derived from company_master.modify_date,True
127160,00806972,매직마이크로,2023,20230104,Historical delisted stock code set (CSV + KRX) | event_year derived from company_master.modify_date,True
226350,00809517,아이엠텍,2022,20221209,Historical delisted stock code set (CSV + KRX) | event_year derived from company_master.modify_date,True
141020,00812362,디에스앤엘,2024,20240103,Historical delisted stock code set (CSV + KRX) | event_year derived from company_master.modify_date,True
160600,00818472,이큐셀,2026,20260306,Historical delisted stock code set (CSV + KRX) | event_year derived from company_master.modify_date,True
214870,00820389,한울비앤씨,2026,20260325,Historical delisted stock code set (CSV + KRX) | event_year derived from company_master.modify_date,True
900130,00823687,웨이포트유한공사,2017,20170725,Historical delisted stock code set (CSV + KRX) | event_year derived from company_master.modify_date,True
130960,00838421,씨제이이앤엠,2018,20180718,Historical delisted stock code set (CSV + KRX) | event_year derived from company_master.modify_date,True
900180,00842327,완리인터내셔널홀딩스,2018,20180528,Historical delisted stock code set (CSV + KRX) | event_year derived from company_master.modify_date,True
181340,00861720,이즈미디어,2025,20250103,Historical delisted stock code set (CSV + KRX) | event_year derived from company_master.modify_date,True
176440,00872452,미래오토스,2022,20220725,Historical delisted stock code set (CSV + KRX) | event_year derived from company_master.modify_date,True
204990,00874195,코썬바이오,2024,20240628,Historical delisted stock code set (CSV + KRX) | event_year derived from company_master.modify_date,True
225330,00914040,씨엠에스에듀,2022,20220317,Historical delisted stock code set (CSV + KRX) | event_year derived from company_master.modify_date,True
158310,00923899,참존글로벌,2023,20230111,Historical delisted stock code set (CSV + KRX) | event_year derived from company_master.modify_date,True
950110,00938688,SBI핀테크솔루션즈,2025,20250724,Historical delisted stock code set (CSV + KRX) | event_year derived from company_master.modify_date,True
161570,00945208,더미동,2025,20250521,Historical delisted stock code set (CSV + KRX) | event_year derived from company_master.modify_date,True
214310,00957568,로아앤코,2025,20250701,Historical delisted stock code set (CSV + KRX) | event_year derived from company_master.modify_date,True
189540,00961136,씨티네트웍스,2020,20200512,Historical delisted stock code set (CSV + KRX) | event_year derived from company_master.modify_date,True
263540,00971090,어스앤에어로스페이스,2024,20241216,Historical delisted stock code set (CSV + KRX) | event_year derived from company_master.modify_date,True
208340,00972293,파멥신,2026,20260319,Historical delisted stock code set (CSV + KRX) | event_year derived from company_master.modify_date,True
194510,00977696,넥스쳐,2026,20260303,Historical delisted stock code set (CSV + KRX) | event_year derived from company_master.modify_date,True
192080,01010110,더블유게임즈,2026,20260319,Historical delisted stock code set (CSV + KRX) | event_year derived from company_master.modify_date,True
194610,01011562,우성아이비,2023,20230223,Historical delisted stock code set (CSV + KRX) | event_year derived from company_master.modify_date,True
138580,01014657,비즈니스온커뮤니케이션,2025,20250218,Historical delisted stock code set (CSV + KRX) | event_year derived from company_master.modify_date,True
213090,01015726,미래테크놀로지,2021,20211005,Historical delisted stock code set (CSV + KRX) | event_year derived from company_master.modify_date,True
204440,01038161,대우기업인수목적2호,2017,20170630,Historical delisted stock code set (CSV + KRX) | event_year derived from company_master.modify_date,True
204760,01041217,현대에이블기업인수목적1호,2017,20170630,Historical delisted stock code set (CSV + KRX) | event_year derived from company_master.modify_date,True
204650,01043871,케이티비기업인수목적1호,2017,20170707,Historical delisted stock code set (CSV + KRX) | event_year derived from company_master.modify_date,True
206660,01046179,골든브릿지제2호기업인수목적,2017,20171020,Historical delisted stock code set (CSV + KRX) | event_year derived from company_master.modify_date,True
207720,01047567,엔에이치에스엘기업인수목적,2017,20171016,Historical delisted stock code set (CSV + KRX) | event_year derived from company_master.modify_date,True
208870,01047716,하나머스트3호기업인수목적,2017,20170731,Historical delisted stock code set (CSV + KRX) | event_year derived from company_master.modify_date,True
207930,01047929,에스케이제1호기업인수목적,2017,20171106,Historical delisted stock code set (CSV + KRX) | event_year derived from company_master.modify_date,True
215580,01064315,대우기업인수목적3호,2017,20171226,Historical delisted stock code set (CSV + KRX) | event_year derived from company_master.modify_date,True
215750,01065536,미래에셋제3호기업인수목적,2018,20180104,Historical delisted stock code set (CSV + KRX) | event_year derived from company_master.modify_date,True
217600,01070857,켐온,2022,20221216,Historical delisted stock code set (CSV + KRX) | event_year derived from company_master.modify_date,True
217810,01072660,엔에이치기업인수목적7호,2018,20180119,Historical delisted stock code set (CSV + KRX) | event_year derived from company_master.modify_date,True
218710,01075047,키움제3호기업인수목적,2018,20180214,Historical delisted stock code set (CSV + KRX) | event_year derived from company_master.modify_date,True
219580,01080410,골든브릿지제3호기업인수목적,2018,20180207,Historical delisted stock code set (CSV + KRX) | event_year derived from company_master.modify_date,True
219860,01087079,한화에이스기업인수목적2호,2018,20180302,Historical delisted stock code set (CSV + KRX) | event_year derived from company_master.modify_date,True
219960,01089387,유안타제2호기업인수목적,2018,20180223,Historical delisted stock code set (CSV + KRX) | event_year derived from company_master.modify_date,True
221200,01089828,유진기업인수목적3호,2018,20180417,Historical delisted stock code set (CSV + KRX) | event_year derived from company_master.modify_date,True
220630,01089855,맘스터치앤컴퍼니,2024,20240214,Historical delisted stock code set (CSV + KRX) | event_year derived from company_master.modify_date,True
221950,01089961,케이비드림투게더제3호기업인수목적,2018,20180330,Historical delisted stock code set (CSV + KRX) | event_year derived from company_master.modify_date,True
222390,01090301,케이비제8호기업인수목적,2018,20180313,Historical delisted stock code set (CSV + KRX) | event_year derived from company_master.modify_date,True
223040,01091391,교보5호기업인수목적,2018,20180330,Historical delisted stock code set (CSV + KRX) | event_year derived from company_master.modify_date,True
225440,01094565,이베스트기업인수목적3호,2018,20180528,Historical delisted stock code set (CSV + KRX) | event_year derived from company_master.modify_date,True
226360,01097906,케이에이치건설,2026,20260114,Historical delisted stock code set (CSV + KRX) | event_year derived from company_master.modify_date,True
226440,01101722,시스네오텍,2026,20260313,Historical delisted stock code set (CSV + KRX) | event_year derived from company_master.modify_date,True
225650,01102095,쿠첸,2023,20230220,Historical delisted stock code set (CSV + KRX) | event_year derived from company_master.modify_date,True
226850,01102800,키움제4호기업인수목적,2018,20180605,Historical delisted stock code set (CSV + KRX) | event_year derived from company_master.modify_date,True
230490,01109186,동부제4호기업인수목적,2018,20180726,Historical delisted stock code set (CSV + KRX) | event_year derived from company_master.modify_date,True
232270,01111020,케이비제9호기업인수목적,2018,20181012,Historical delisted stock code set (CSV + KRX) | event_year derived from company_master.modify_date,True
232330,01111570,에스케이제3호기업인수목적,2019,20190830,Historical delisted stock code set (CSV + KRX) | event_year derived from company_master.modify_date,True
195440,01113949,퓨전,2022,20221212,Historical delisted stock code set (CSV + KRX) | event_year derived from company_master.modify_date,True
235010,01117103,하이에이아이1호기업인수목적,2018,20181012,Historical delisted stock code set (CSV + KRX) | event_year derived from company_master.modify_date,True
278990,01117246,EMB,2026,20260202,Historical delisted stock code set (CSV + KRX) | event_year derived from company_master.modify_date,True
240540,01130937,한국제4호기업인수목적,2019,20190129,Historical delisted stock code set (CSV + KRX) | event_year derived from company_master.modify_date,True
164060,01142400,이루다,2024,20241022,Historical delisted stock code set (CSV + KRX) | event_year derived from company_master.modify_date,True
900280,01168143,케이만금세기차륜집단유한공사,2025,20250108,Historical delisted stock code set (CSV + KRX) | event_year derived from company_master.modify_date,True
257730,01179839,신한제3호기업인수목적,2019,20191001,Historical delisted stock code set (CSV + KRX) | event_year derived from company_master.modify_date,True
268600,01182444,셀리버리,2025,20250610,Historical delisted stock code set (CSV + KRX) | event_year derived from company_master.modify_date,True
262830,01194759,대신밸런스제4호기업인수목적,2019,20191010,Historical delisted stock code set (CSV + KRX) | event_year derived from company_master.modify_date,True
264290,01197428,한화에이스기업인수목적3호,2019,20191206,Historical delisted stock code set (CSV + KRX) | event_year derived from company_master.modify_date,True
265480,01199985,미래에셋대우기업인수목적1호,2020,20200103,Historical delisted stock code set (CSV + KRX) | event_year derived from company_master.modify_date,True
265920,01201581,한화수성기업인수목적,2020,20200115,Historical delisted stock code set (CSV + KRX) | event_year derived from company_master.modify_date,True
271740,01234525,한국제5호기업인수목적,2020,20200303,Historical delisted stock code set (CSV + KRX) | event_year derived from company_master.modify_date,True
276920,01243550,아이비케이에스제7호기업인수목적,2020,20200618,Historical delisted stock code set (CSV + KRX) | event_year derived from company_master.modify_date,True
277480,01243772,신한제4호기업인수목적,2020,20200820,Historical delisted stock code set (CSV + KRX) | event_year derived from company_master.modify_date,True
279410,01247918,한화에이스기업인수목적4호,2020,20200703,Historical delisted stock code set (CSV + KRX) | event_year derived from company_master.modify_date,True
281410,01257526,한국제6호기업인수목적,2020,20200727,Historical delisted stock code set (CSV + KRX) | event_year derived from company_master.modify_date,True
299910,01259056,애닉,2025,20250214,Historical delisted stock code set (CSV + KRX) | event_year derived from company_master.modify_date,True
287410,01267602,제이시스메디칼,2025,20251013,Historical delisted stock code set (CSV + KRX) | event_year derived from company_master.modify_date,True
291210,01277928,한국제7호기업인수목적,2021,20210115,Historical delisted stock code set (CSV + KRX) | event_year derived from company_master.modify_date,True
307160,01326260,하나머스트제6호기업인수목적,2021,20210708,Historical delisted stock code set (CSV + KRX) | event_year derived from company_master.modify_date,True
307070,01336285,에스케이에이씨피씨제4호기업인수목적,2021,20210713,Historical delisted stock code set (CSV + KRX) | event_year derived from company_master.modify_date,True
310840,01336391,엔에이치기업인수목적13호,2021,20210923,Historical delisted stock code set (CSV + KRX) | event_year derived from company_master.modify_date,True
311270,01337220,키움제5호기업인수목적,2021,20210916,Historical delisted stock code set (CSV + KRX) | event_year derived from company_master.modify_date,True
950180,01338724,에스앤케이,2022,20220518,Historical delisted stock code set (CSV + KRX) | event_year derived from company_master.modify_date,True
313750,01343920,유안타제4호기업인수목적,2021,20211207,Historical delisted stock code set (CSV + KRX) | event_year derived from company_master.modify_date,True
317030,01351114,케이비제17호기업인수목적,2021,20211104,Historical delisted stock code set (CSV + KRX) | event_year derived from company_master.modify_date,True
317320,01351822,한화에스비아이기업인수목적,2021,20211207,Historical delisted stock code set (CSV + KRX) | event_year derived from company_master.modify_date,True
279060,01353848,이노벡스,2025,20250102,Historical delisted stock code set (CSV + KRX) | event_year derived from company_master.modify_date,True
323210,01366365,이베스트이안기업인수목적1호,2022,20220217,Historical delisted stock code set (CSV + KRX) | event_year derived from company_master.modify_date,True
323940,01371312,케이비제18호기업인수목적,2022,20220204,Historical delisted stock code set (CSV + KRX) | event_year derived from company_master.modify_date,True
323230,01384477,엠에프엠코리아,2025,20250619,Historical delisted stock code set (CSV + KRX) | event_year derived from company_master.modify_date,True
329560,01390876,상상인이안제2호기업인수목적,2022,20220404,Historical delisted stock code set (CSV + KRX) | event_year derived from company_master.modify_date,True
330990,01393299,케이비제19호기업인수목적,2022,20220509,Historical delisted stock code set (CSV + KRX) | event_year derived from company_master.modify_date,True
332710,01395279,하나금융14호기업인수목적,2022,20220926,Historical delisted stock code set (CSV + KRX) | event_year derived from company_master.modify_date,True
335890,01406618,비올메디컬,2026,20260223,Historical delisted stock code set (CSV + KRX) | event_year derived from company_master.modify_date,True
337450,01414361,에스케이제5호기업인수목적,2022,20221018,Historical delisted stock code set (CSV + KRX) | event_year derived from company_master.modify_date,True
340120,01414370,하이제5호기업인수목적,2022,20220728,Historical delisted stock code set (CSV + KRX) | event_year derived from company_master.modify_date,True
340350,01414936,에스케이제6호기업인수목적,2022,20221018,Historical delisted stock code set (CSV + KRX) | event_year derived from company_master.modify_date,True
341160,01416457,하나금융15호기업인수목적,2022,20221223,Historical delisted stock code set (CSV + KRX) | event_year derived from company_master.modify_date,True
342550,01418543,케이비제20호기업인수목적,2022,20221229,Historical delisted stock code set (CSV + KRX) | event_year derived from company_master.modify_date,True
343510,01419384,하나금융16호기업인수목적,2023,20230302,Historical delisted stock code set (CSV + KRX) | event_year derived from company_master.modify_date,True
344050,01419986,신영해피투모로우제6호기업인수목적,2023,20230217,Historical delisted stock code set (CSV + KRX) | event_year derived from company_master.modify_date,True
347140,01428249,케이프이에스제4호기업인수목적,2022,20221031,Historical delisted stock code set (CSV + KRX) | event_year derived from company_master.modify_date,True
349720,01436336,이베스트기업인수목적5호,2022,20221226,Historical delisted stock code set (CSV + KRX) | event_year derived from company_master.modify_date,True
351340,01440481,아이비케이에스제13호기업인수목적,2023,20230221,Historical delisted stock code set (CSV + KRX) | event_year derived from company_master.modify_date,True
353070,01447217,에이치엠씨아이비제4호기업인수목적,2023,20230310,Historical delisted stock code set (CSV + KRX) | event_year derived from company_master.modify_date,True
353060,01447244,에이치엠씨아이비제5호기업인수목적,2023,20230922,Historical delisted stock code set (CSV + KRX) | event_year derived from company_master.modify_date,True
353490,01450105,미래에셋대우기업인수목적5호,2023,20230517,Historical delisted stock code set (CSV + KRX) | event_year derived from company_master.modify_date,True
367460,01504804,유안타제7호기업인수목적,2022,20221208,Historical delisted stock code set (CSV + KRX) | event_year derived from company_master.modify_date,True
367480,01504910,유안타제8호기업인수목적,2023,20230908,Historical delisted stock code set (CSV + KRX) | event_year derived from company_master.modify_date,True
367340,01505450,디비금융제8호기업인수목적,2023,20230717,Historical delisted stock code set (CSV + KRX) | event_year derived from company_master.modify_date,True
367360,01505469,디비금융제9호기업인수목적,2023,20231124,Historical delisted stock code set (CSV + KRX) | event_year derived from company_master.modify_date,True
372290,01513404,하나머스트7호기업인수목적,2024,20240219,Historical delisted stock code set (CSV + KRX) | event_year derived from company_master.modify_date,True
373340,01514519,유진기업인수목적6호,2023,20231213,Historical delisted stock code set (CSV + KRX) | event_year derived from company_master.modify_date,True
366330,01514528,신한제7호기업인수목적,2023,20230918,Historical delisted stock code set (CSV + KRX) | event_year derived from company_master.modify_date,True
377400,01526949,하이제6호기업인수목적,2024,20240125,Historical delisted stock code set (CSV + KRX) | event_year derived from company_master.modify_date,True
377630,01528530,삼성기업인수목적4호,2023,20231227,Historical delisted stock code set (CSV + KRX) | event_year derived from company_master.modify_date,True
380320,01534522,삼성머스트기업인수목적5호,2024,20240123,Historical delisted stock code set (CSV + KRX) | event_year derived from company_master.modify_date,True
387310,01567520,대신밸런스제10호기업인수목적,2023,20230316,Historical delisted stock code set (CSV + KRX) | event_year derived from company_master.modify_date,True
388220,01568875,하나금융19호기업인수목적,2023,20230523,Historical delisted stock code set (CSV + KRX) | event_year derived from company_master.modify_date,True
388800,01569838,유진기업인수목적7호,2024,20240702,Historical delisted stock code set (CSV + KRX) | event_year derived from company_master.modify_date,True
386580,01572489,한화플러스제2호기업인수목적,2024,20240617,Historical delisted stock code set (CSV + KRX) | event_year derived from company_master.modify_date,True
391060,01573974,엔에이치기업인수목적20호,2024,20240514,Historical delisted stock code set (CSV + KRX) | event_year derived from company_master.modify_date,True
393360,01574760,신한제8호기업인수목적,2024,20240430,Historical delisted stock code set (CSV + KRX) | event_year derived from company_master.modify_date,True
396770,01576713,엔에이치기업인수목적22호,2023,20230428,Historical delisted stock code set (CSV + KRX) | event_year derived from company_master.modify_date,True
397500,01580178,대신밸런스제11호기업인수목적,2023,20230309,Historical delisted stock code set (CSV + KRX) | event_year derived from company_master.modify_date,True
397880,01582228,교보11호기업인수목적,2024,20240325,Historical delisted stock code set (CSV + KRX) | event_year derived from company_master.modify_date,True
400560,01583397,하나금융20호기업인수목적,2023,20230919,Historical delisted stock code set (CSV + KRX) | event_year derived from company_master.modify_date,True
400840,01586172,하이제7호기업인수목적,2024,20240726,Historical delisted stock code set (CSV + KRX) | event_year derived from company_master.modify_date,True
404950,01591262,디비금융제10호기업인수목적,2024,20240104,Historical delisted stock code set (CSV + KRX) | event_year derived from company_master.modify_date,True
405350,01591606,아이비케이에스제17호기업인수목적,2023,20231103,Historical delisted stock code set (CSV + KRX) | event_year derived from company_master.modify_date,True
406760,01593242,하나금융21호기업인수목적,2024,20241226,Historical delisted stock code set (CSV + KRX) | event_year derived from company_master.modify_date,True
405640,01594764,신한제9호기업인수목적,2024,20240611,Historical delisted stock code set (CSV + KRX) | event_year derived from company_master.modify_date,True
409570,01596665,한국제10호기업인수목적,2023,20230831,Historical delisted stock code set (CSV + KRX) | event_year derived from company_master.modify_date,True
412930,01601286,미래에셋비전기업인수목적1호,2025,20250121,Historical delisted stock code set (CSV + KRX) | event_year derived from company_master.modify_date,True
415580,01604371,상상인제3호기업인수목적,2024,20241204,Historical delisted stock code set (CSV + KRX) | event_year derived from company_master.modify_date,True
419270,01612608,신영해피투모로우제7호기업인수목적,2024,20240425,Historical delisted stock code set (CSV + KRX) | event_year derived from company_master.modify_date,True
418170,01613281,하나금융22호기업인수목적,2024,20241219,Historical delisted stock code set (CSV + KRX) | event_year derived from company_master.modify_date,True
418210,01616482,신한제10호기업인수목적,2025,20250404,Historical delisted stock code set (CSV + KRX) | event_year derived from company_master.modify_date,True
413600,01616808,키움제6호기업인수목적,2025,20250228,Historical delisted stock code set (CSV + KRX) | event_year derived from company_master.modify_date,True
422040,01619513,엔에이치기업인수목적23호,2025,20250210,Historical delisted stock code set (CSV + KRX) | event_year derived from company_master.modify_date,True
421800,01620713,교보12호기업인수목적,2024,20241119,Historical delisted stock code set (CSV + KRX) | event_year derived from company_master.modify_date,True
424140,01621280,케이비제21호기업인수목적,2025,20250204,Historical delisted stock code set (CSV + KRX) | event_year derived from company_master.modify_date,True
425290,01624162,삼성기업인수목적6호,2025,20250211,Historical delisted stock code set (CSV + KRX) | event_year derived from company_master.modify_date,True
426670,01631658,대신밸런스제12호기업인수목적,2023,20230420,Historical delisted stock code set (CSV + KRX) | event_year derived from company_master.modify_date,True
426550,01632851,아이비케이에스제19호기업인수목적,2024,20240215,Historical delisted stock code set (CSV + KRX) | event_year derived from company_master.modify_date,True
427950,01652970,하나금융23호기업인수목적,2024,20240201,Historical delisted stock code set (CSV + KRX) | event_year derived from company_master.modify_date,True
430220,01656374,신영해피투모로우제8호기업인수목적,2025,20250822,Historical delisted stock code set (CSV + KRX) | event_year derived from company_master.modify_date,True
430230,01658266,하나금융24호기업인수목적,2024,20240903,Historical delisted stock code set (CSV + KRX) | event_year derived from company_master.modify_date,True
430460,01663055,한화플러스제3호기업인수목적,2024,20241213,Historical delisted stock code set (CSV + KRX) | event_year derived from company_master.modify_date,True
430700,01663639,유안타제9호기업인수목적,2025,20250317,Historical delisted stock code set (CSV + KRX) | event_year derived from company_master.modify_date,True
433530,01667592,키움제7호기업인수목적,2025,20250307,Historical delisted stock code set (CSV + KRX) | event_year derived from company_master.modify_date,True
435620,01669475,하나금융25호기업인수목적,2025,20250526,Historical delisted stock code set (CSV + KRX) | event_year derived from company_master.modify_date,True
435380,01670675,유안타제10호기업인수목적,2025,20250514,Historical delisted stock code set (CSV + KRX) | event_year derived from company_master.modify_date,True
435870,01671197,에스케이증권제8호기업인수목적,2025,20250516,Historical delisted stock code set (CSV + KRX) | event_year derived from company_master.modify_date,True
436530,01672053,케이비제22호기업인수목적,2024,20240503,Historical delisted stock code set (CSV + KRX) | event_year derived from company_master.modify_date,True
436610,01672114,한국제11호기업인수목적,2024,20240927,Historical delisted stock code set (CSV + KRX) | event_year derived from company_master.modify_date,True
438580,01674468,엔에이치기업인수목적25호,2025,20250611,Historical delisted stock code set (CSV + KRX) | event_year derived from company_master.modify_date,True
437780,01674538,엔에이치기업인수목적24호,2025,20250526,Historical delisted stock code set (CSV + KRX) | event_year derived from company_master.modify_date,True
438220,01675014,대신밸런스제13호기업인수목적,2024,20241120,Historical delisted stock code set (CSV + KRX) | event_year derived from company_master.modify_date,True
439250,01675227,삼성기업인수목적7호,2025,20250602,Historical delisted stock code set (CSV + KRX) | event_year derived from company_master.modify_date,True
439410,01675254,엔에이치기업인수목적26호,2025,20250708,Historical delisted stock code set (CSV + KRX) | event_year derived from company_master.modify_date,True
439730,01675421,아이비케이에스제20호기업인수목적,2025,20250602,Historical delisted stock code set (CSV + KRX) | event_year derived from company_master.modify_date,True
440200,01676989,케이비제23호기업인수목적,2023,20231103,Historical delisted stock code set (CSV + KRX) | event_year derived from company_master.modify_date,True
440820,01677429,엔에이치기업인수목적27호,2025,20250721,Historical delisted stock code set (CSV + KRX) | event_year derived from company_master.modify_date,True
440790,01677678,교보13호기업인수목적,2025,20250711,Historical delisted stock code set (CSV + KRX) | event_year derived from company_master.modify_date,True
442130,01678835,유진기업인수목적9호,2025,20250709,Historical delisted stock code set (CSV + KRX) | event_year derived from company_master.modify_date,True
442770,01682740,아이비케이에스제21호기업인수목적,2025,20251117,Historical delisted stock code set (CSV + KRX) | event_year derived from company_master.modify_date,True
442900,01683387,미래에셋드림기업인수목적1호,2025,20251023,Historical delisted stock code set (CSV + KRX) | event_year derived from company_master.modify_date,True
445360,01689336,비엔케이제1호기업인수목적,2025,20250728,Historical delisted stock code set (CSV + KRX) | event_year derived from company_master.modify_date,True
445970,01689938,신영해피투모로우제9호기업인수목적,2025,20250801,Historical delisted stock code set (CSV + KRX) | event_year derived from company_master.modify_date,True
446150,01690235,유안타제12호기업인수목적,2026,20260305,Historical delisted stock code set (CSV + KRX) | event_year derived from company_master.modify_date,True
446190,01692321,미래에셋비전기업인수목적2호,2025,20250909,Historical delisted stock code set (CSV + KRX) | event_year derived from company_master.modify_date,True
446750,01696275,하나26호기업인수목적,2025,20251016,Historical delisted stock code set (CSV + KRX) | event_year derived from company_master.modify_date,True
442310,01696451,대신밸런스제14호기업인수목적,2025,20250711,Historical delisted stock code set (CSV + KRX) | event_year derived from company_master.modify_date,True
448370,01700374,하나27호기업인수목적,2025,20251113,Historical delisted stock code set (CSV + KRX) | event_year derived from company_master.modify_date,True
448740,01700921,삼성기업인수목적8호,2025,20251014,Historical delisted stock code set (CSV + KRX) | event_year derived from company_master.modify_date,True
448760,01701328,아이비케이에스제22호기업인수목적,2025,20251229,Historical delisted stock code set (CSV + KRX) | event_year derived from company_master.modify_date,True
449020,01701753,유안타제13호기업인수목적,2025,20251010,Historical delisted stock code set (CSV + KRX) | event_year derived from company_master.modify_date,True
448830,01702424,미래에셋비전기업인수목적3호,2026,20260114,Historical delisted stock code set (CSV + KRX) | event_year derived from company_master.modify_date,True
450050,01705625,하이제8호기업인수목적,2026,20260311,Historical delisted stock code set (CSV + KRX) | event_year derived from company_master.modify_date,True
450410,01705777,엔에이치기업인수목적28호,2023,20231221,Historical delisted stock code set (CSV + KRX) | event_year derived from company_master.modify_date,True
454750,01724338,하나28호기업인수목적,2025,20251027,Historical delisted stock code set (CSV + KRX) | event_year derived from company_master.modify_date,True
454640,01724417,하나29호기업인수목적,2026,20260305,Historical delisted stock code set (CSV + KRX) | event_year derived from company_master.modify_date,True
455250,01724709,케이비제25호기업인수목적,2026,20260128,Historical delisted stock code set (CSV + KRX) | event_year derived from company_master.modify_date,True
456440,01731453,디비금융제11호기업인수목적,2025,20250516,Historical delisted stock code set (CSV + KRX) | event_year derived from company_master.modify_date,True
457390,01751448,대신밸런스제15호기업인수목적,2025,20250515,Historical delisted stock code set (CSV + KRX) | event_year derived from company_master.modify_date,True
456490,01760640,교보14호기업인수목적,2026,20260210,Historical delisted stock code set (CSV + KRX) | event_year derived from company_master.modify_date,True
458320,01766167,케이비제26호기업인수목적,2025,20250328,Historical delisted stock code set (CSV + KRX) | event_year derived from company_master.modify_date,True
468510,01786514,삼성기업인수목적9호,2025,20250617,Historical delisted stock code set (CSV + KRX) | event_year derived from company_master.modify_date,True
476470,01810796,케이비제28호기업인수목적,2025,20250709,Historical delisted stock code set (CSV + KRX) | event_year derived from company_master.modify_date,True
477530,01814312,한국제14호기업인수목적,2025,20250429,Historical delisted stock code set (CSV + KRX) | event_year derived from company_master.modify_date,True
478780,01817610,대신밸런스제18호기업인수목적,2026,20260114,Historical delisted stock code set (CSV + KRX) | event_year derived from company_master.modify_date,True
